<ls s_w="20" l_h="100">
	<l id="I" w="31.7">
	<c s_x="11.85" s_y="-66.7" f_x="39.05" f_y="-86.25" c_x="6.85" c_y="-78.05" a="100" />
	<c s_x="39.05" s_y="-86.25" f_x="12.95" f_y="-50.15" c_x="23.6" c_y="-54.3" a="100" />
	<c s_x="12.95" s_y="-50.15" f_x="4.15" f_y="-53.45" c_x="6.85" c_y="-47.75" a="100" />
	</l>
	<l id="L" w="43.75">	
	<c s_x="51.55" s_y="-76.7" f_x="21.6" f_y="-55" c_x="39" c_y="-101.3" a="100" />
	<c s_x="21.6" s_y="-55" f_x="8.55" f_y="-50.1" c_x="17" c_y="-42.85" a="100" />
	<c s_x="8.55" s_y="-50.1" f_x="14.25" f_y="-57.1" c_x="-2.44" c_y="-63.1" a="100" />
	<c s_x="14.25" s_y="-57.1" f_x="31.45" f_y="-48.3" c_x="23.3" c_y="-53.35" a="100" />
	<c s_x="31.45" s_y="-48.3" f_x="69.25" f_y="-51.45" c_x="68.1" c_y="-29.8" a="100" />
	</l>	
	<l id="O" w="43.25">
	<c s_x="36" s_y="-84.5" f_x="18.1" f_y="-80.1" c_x="27.35" c_y="-86.2" a="100" />
	<c s_x="18.1" s_y="-80.1" f_x="4.4" f_y="-61.45" c_x="4.6" c_y="-72.2" a="100" />
	<c s_x="4.4" s_y="-61.45" f_x="22.2" f_y="-50.4" c_x="5.45" c_y="-47.55" a="100" />
	<c s_x="22.2" s_y="-50.4" f_x="44.35" f_y="-68.15" c_x="37.7" c_y="-54.5" a="100" />
	<c s_x="44.35" s_y="-68.15" f_x="42.4" f_y="-83.75" c_x="47.6" c_y="-78.2" a="100" />
	<c s_x="42.4" s_y="-83.75" f_x="15.55" f_y="-84.05" c_x="32.25" c_y="-93.9" a="100" />
	<c s_x="15.55" s_y="-84.05" f_x="10.85" f_y="-76.65" c_x="10.4" c_y="-80.4" a="100" />
	<c s_x="10.85" s_y="-76.65" f_x="17.65" f_y="-69.75" c_x="10.9" c_y="-70.9" a="100" />
	</l>
	<l id="V" w="38">
	<c s_x="7.5" s_y="-67.3" f_x="14.15" f_y="-83.75" c_x="-1.05" c_y="-69.85" a="100" />
	<c s_x="14.15" s_y="-83.75" f_x="21.15" f_y="-66.95" c_x="33.25" c_y="-97.9" a="100" />
	<c s_x="21.15" s_y="-66.95" f_x="16.2" f_y="-49.95" c_x="14.45" c_y="-51.05" a="100" />
	<c s_x="16.2" s_y="-49.85" f_x="23.3" f_y="-55.75" c_x="17.65" c_y="-48.45" a="100" />
	<c s_x="23.3" s_y="-55.75" f_x="57.75" f_y="-82.25" c_x="46.7" c_y="-86.05" a="100" />
	</l>
	<l id="U" w="52.2">	
	<c s_x="7.65" s_y="-63.85" f_x="9.6" f_y="-79.85" c_x="-0.85" c_y="-69.65" a="100" />
	<c s_x="9.62" s_y="-79.85" f_x="27.8" f_y="-87.15" c_x="18.7" c_y="-87.45" a="100" />
	<c s_x="27.8" s_y="-87.15" f_x="30.15" f_y="-73.5" c_x="35.7" c_y="-87.15" a="100" />
	<c s_x="30.15" s_y="-73.5" f_x="20.9" f_y="-56.7" c_x="26.95" c_y="-65.95" a="100" />
	<c s_x="20.9" s_y="-56.7" f_x="22.9" f_y="-50.55" c_x="16.85" c_y="-49.45" a="100" />
	<c s_x="22.9" s_y="-50.55" f_x="53.3" f_y="-73.35" c_x="31.75" c_y="-53.2" a="100" />
	<c s_x="53.3" s_y="-73.35" f_x="43.15" f_y="-47.25" c_x="41.7" c_y="-49.7" a="100" />
	</l>
	<l id="Y" w="50.45">	
	<c s_x="8.9" s_y="-64.35" f_x="7.25" f_y="-76.95" c_x="-1" c_y="-67.3" a="100" />
	<c s_x="7.25" s_y="-76.95" f_x="28.6" f_y="-86.35" c_x="19.85" c_y="-89.3" a="100" />
	<c s_x="28.6" s_y="-86.35" f_x="30.65" f_y="-73.65" c_x="36.2" c_y="-83.1" a="100" />
	<c s_x="30.65" s_y="-73.65" f_x="18.55" f_y="-55.25" c_x="25.1" c_y="-64.4" a="100" />
	<c s_x="18.55" s_y="-55.25" f_x="21.65" f_y="-50.2" c_x="14.5" c_y="-49.2" a="100" />
	<c s_x="21.65" s_y="-50.2" f_x="53.1" f_y="-72.85" c_x="35.15" c_y="-52.75" a="100" />
	<c s_x="53.1" s_y="-72.85" f_x="38.95" f_y="-46.7" c_x="46.7" c_y="-57.3" a="100" />
	<c s_x="38.95" s_y="-46.7" f_x="18.45" f_y="-36.3" c_x="28" c_y="-31.4" a="100" />
	<c s_x="18.45" s_y="-36.3" f_x="22.1" f_y="-46.15" c_x="12.85" c_y="-41.25" a="100" />
	<c s_x="22.1" s_y="-46.15" f_x="44.3" f_y="-51.9" c_x="33.3" c_y="-51.1" a="100" />
	<c s_x="44.3" s_y="-51.9" f_x="45.6" f_y="-57.15" c_x="49.7" c_y="-52.25" a="100" />
	</l>
	<l id="E" w="44.35">	
	<c s_x="34.15" s_y="-83.95" f_x="18.2" f_y="-48.6" c_x="9.5" c_y="-54.4" a="100" />
	<c s_x="18.2" s_y="-48.6" f_x="39.2" f_y="-52.9" c_x="24.05" c_y="-44.35" a="100" />
	<c s_x="39.2" s_y="-52.9" f_x="7.4" f_y="-56.1" c_x="22.7" c_y="-54.15" a="0" />
	<c s_x="7.4" s_y="-56.1" f_x="7" f_y="-74" c_x="1" c_y="-67.35" a="100" />
	<c s_x="7" s_y="-74" f_x="49.35" f_y="-81.5" c_x="19.05" c_y="-86.25" a="100" />
	<c s_x="49.35" s_y="-81.5" f_x="17.15" f_y="-65.75" c_x="33.5" c_y="-74.1" a="0" />
	<c s_x="17.15" s_y="-65.75" f_x="40.75" f_y="-67.15" c_x="27.4" c_y="-67.9" a="100" />
	</l>
	<l id="A" w="59.95">
	<c s_x="56.1" s_y="-87.2" f_x="19.45" f_y="-51.65" c_x="37.85" c_y="-61.85" a="100" />
	<c s_x="19.45" s_y="-51.65" f_x="4.8" f_y="-59.4" c_x="2.75" c_y="-44.05" a="100" />
	<c s_x="4.8" s_y="-59.4" f_x="16.95" f_y="-68.5" c_x="6.8" c_y="-68.35" a="100" />
	<c s_x="16.95" s_y="-68.5" f_x="42.5" f_y="-64.6" c_x="29.75" c_y="-68.35" a="100" />
	<c s_x="42.5" s_y="-64.6" f_x="55.65" f_y="-66.5" c_x="64.25" c_y="-58.6" a="100" />
	<c s_x="55.65" s_y="-66.5" f_x="56.2" f_y="-87.15" c_x="55.7" c_y="-76.6" a="0" />
	<c s_x="56.2" s_y="-87.15" f_x="51.2" f_y="-49.65" c_x="47.45" c_y="-53.5" a="100" />
	</l>
	<l id="a" w="25.25">
	<c s_x="21.4" s_y="-64.75" f_x="11.4" f_y="-63.55" c_x="19.9" c_y="-70.35" a="100" />
	<c s_x="11.4" s_y="-63.55" f_x="2.7" f_y="-52.5" c_x="2.75" c_y="-56.05" a="100" />
	<c s_x="2.7" s_y="-52.5" f_x="6.35" f_y="-50.95" c_x="1.75" c_y="-48.05" a="100" />
	<c s_x="6.35" s_y="-50.95" f_x="23.9" f_y="-67.45" c_x="13.5" c_y="-55.85" a="100" />
	<c s_x="23.9" s_y="-67.45" f_x="13" f_y="-47.4" c_x="15.8" c_y="-57.8" a="100" />
	<c s_x="13" s_y="-47.4" f_x="13.45" f_y="-37.9" c_x="10.95" c_y="-39.35" a="100" />
	<c s_x="13.45" s_y="-37.9" f_x="23.8" f_y="-39.2" c_x="17.6" c_y="-35.4" a="100" />
	<c s_x="23.8" s_y="-39.2" f_x="33.85" f_y="-49.15" c_x="29.35" c_y="-42.75" a="100" />
	</l>
	<l id="B" w="41">	
	<c s_x="32.6" s_y="-77.9" f_x="21.4" f_y="-59.1" c_x="28.25" c_y="-68.7" a="100" />
	<c s_x="21.4" s_y="-59.1" f_x="14.45" f_y="-47.5" c_x="17.55" c_y="-54.3" a="100" />
	<c s_x="14.45" s_y="-47.5" f_x="8.65000000000001" f_y="-73.75" c_x="17.55" c_y="-54.3" a="0" />
	<c s_x="8.65000000000001" s_y="-73.75" f_x="11.05" f_y="-83.65" c_x="-3" c_y="-79.6" a="100" />
	<c s_x="11.05" s_y="-83.65" f_x="31.3" f_y="-83.6" c_x="20.25" c_y="-85.45" a="100" />
	<c s_x="31.3" s_y="-83.6" f_x="37.3" f_y="-66.4" c_x="57.45" c_y="-76.45" a="100" />
	<c s_x="37.3" s_y="-66.4" f_x="20.2" f_y="-62.3" c_x="29.95" c_y="-63.45" a="100" />
	<c s_x="20.2" s_y="-62.3" f_x="35.15" f_y="-56.15" c_x="33.55" c_y="-61.1" a="100" />
	<c s_x="35.15" s_y="-56.15" f_x="21.25" f_y="-49.45" c_x="34.15" c_y="-48.4" a="100" />
	</l>
	<l id="b" w="27.1">
	<c s_x="10" s_y="-65.95" f_x="52.1" f_y="-79.8" c_x="31.45" c_y="-69.45" a="100" />
	<c s_x="52.1" s_y="-79.8" f_x="65.9" f_y="-94.2" c_x="65" c_y="-86.55" a="100" />
	<c s_x="65.9" s_y="-94.2" f_x="51.65" f_y="-109.25" c_x="67.2" c_y="-106.05" a="100" />
	<c s_x="51.65" s_y="-109.25" f_x="30.05" f_y="-99.2" c_x="41.55" c_y="-110.85" a="100" />
	<c s_x="30.05" s_y="-99.2" f_x="15.3" f_y="-78.05" c_x="20.35" c_y="-88.5" a="100" />
	<c s_x="15.3" s_y="-78.05" f_x="3.25" f_y="-50.45" c_x="13.05" c_y="-74.4" a="100" />
	<c s_x="3.25" s_y="-50.45" f_x="9.55" f_y="-50.35" c_x="2" c_y="-48.4" a="100" />
	<c s_x="9.55" s_y="-50.35" f_x="23.35" f_y="-60.65" c_x="17.35" c_y="-53.15" a="100" />
	<c s_x="23.35" s_y="-60.65" f_x="17.75" f_y="-63" c_x="26.65" c_y="-66.9" a="100" />
	<c s_x="17.75" s_y="-63" f_x="3.75" f_y="-51.8" c_x="9.2" c_y="-59.25" a="100" />
	</l>
	<l id="C" w="51.1">
	<c s_x="46.75" s_y="-85.9" f_x="37.65" f_y="-70.95" c_x="38.4" c_y="-76.95" a="100" />
	<c s_x="37.65" s_y="-70.95" f_x="42.75" f_y="-73.3" c_x="38.6" c_y="-69.6" a="100" />
	<c s_x="42.75" s_y="-73.3" f_x="46.9" f_y="-82.8" c_x="47" c_y="-77.05" a="100" />
	<c s_x="46.9" s_y="-82.8" f_x="33.85" f_y="-85.6" c_x="45.8" c_y="-88.45" a="100" />
	<c s_x="33.85" s_y="-85.6" f_x="8.4" f_y="-68.95" c_x="18.4" c_y="-80.15" a="100" />
	<c s_x="8.4" s_y="-68.95" f_x="9.05" f_y="-52" c_x="-0.35" c_y="-57.6" a="100" />
	<c s_x="9.0" s_y="-52" f_x="28.2" f_y="-50.45" c_x="16.85" c_y="-47.4" a="100" />
	<c s_x="28.2" s_y="-50.45" f_x="47.65" f_y="-61.1" c_x="37.6" c_y="-52.55" a="100" />
	</l>
	<l id="c" w="22.3">
	<c s_x="13.35" s_y="-63.2" f_x="18.15" f_y="-67.7" c_x="16.9" c_y="-65.05" a="100" />
	<c s_x="18.15" s_y="-67.7" f_x="13.4" f_y="-68.4" c_x="19.15" c_y="-72.15" a="100" />
	<c s_x="13.4" s_y="-68.4" f_x="4.45" f_y="-57.4" c_x="7.3" c_y="-63.45" a="100" />
	<c s_x="4.45" s_y="-57.4" f_x="5.8" f_y="-50.25" c_x="2.15" c_y="-51.4" a="100" />
	<c s_x="5.8" s_y="-50.25" f_x="14.3" f_y="-52.8" c_x="7.95" c_y="-49.15" a="100" />
	</l>
	<l id="D" w="47.4">
	<c s_x="35.4" s_y="-80.1" f_x="22.65" f_y="-60.9" c_x="28.8" c_y="-71.8" a="100" />
	<c s_x="22.65" s_y="-60.9" f_x="16.55" f_y="-47.4" c_x="18.65" c_y="-54.15" a="100" />
	<c s_x="16.55" s_y="-47.4" f_x="18.55" f_y="-52.6" c_x="18.5" c_y="-53.4" a="0" />
	<c s_x="18.55" s_y="-52.6" f_x="21.3" f_y="-48.6" c_x="19.15" c_y="-49.95" a="100" />
	<c s_x="21.3" s_y="-48.6" f_x="39.6" f_y="-51.85" c_x="26" c_y="-45.4" a="100" />
	<c s_x="39.6" s_y="-51.85" f_x="51.35" f_y="-66.5" c_x="49.5" c_y="-57.55" a="100" />
	<c s_x="51.35" s_y="-66.5" f_x="43.55" f_y="-82.6" c_x="52.7" c_y="-76.05" a="100" />
	<c s_x="43.55" s_y="-82.6" f_x="17.6" f_y="-86.6" c_x="33" c_y="-89.55" a="100" />
	<c s_x="17.6" s_y="-86.6" f_x="3.5" f_y="-77.3" c_x="5.8" c_y="-84.3" a="100" />
	<c s_x="3.5" s_y="-77.3" f_x="10.35" f_y="-63.05" c_x="1.55" c_y="-70.5" a="100" />
	</l>

	<l id="d" w="25.9">	
	<c s_x="22.25" s_y="-65.85" f_x="12.7" f_y="-63.4" c_x="17.85" c_y="-67.95" a="100" />
	<c s_x="12.7" s_y="-63.4" f_x="3.7" f_y="-54.2" c_x="7" c_y="-59.05" a="100" />
	<c s_x="3.7" s_y="-54.2" f_x="6.6" f_y="-50.6" c_x="0.3" c_y="-47.5" a="100" />
	<c s_x="6.6" s_y="-50.6" f_x="22.25" f_y="-65.8" c_x="14.9" c_y="-56.3" a="100" />
	<c s_x="22.25" s_y="-65.8" f_x="17.65" f_y="-51.45" c_x="18.85" c_y="-58.75" a="100" />
	<c s_x="17.65" s_y="-51.45" f_x="19.35" f_y="-48.9" c_x="17.6" c_y="-48.55" a="100" />
	<c s_x="19.35" s_y="-48.9" f_x="22.3" f_y="-65.85" c_x="17.6" c_y="-48.55" a="0" />
	<c s_x="22.3" s_y="-65.85" f_x="36.9" f_y="-88.15" c_x="27.65" c_y="-76.25" a="100" />
	<c s_x="36.9" s_y="-88.15" f_x="60.2" f_y="-105.85" c_x="47.75" c_y="-102.5" a="100" />
	<c s_x="60.2" s_y="-105.85" f_x="80.85" f_y="-96.7" c_x="76.3" c_y="-109.1" a="100" />
	<c s_x="80.85" s_y="-96.7" f_x="66.65" f_y="-80.25" c_x="81.75" c_y="-86.15" a="100" />
	<c s_x="66.65" s_y="-80.25" f_x="29.7" f_y="-72.5" c_x="46.1" c_y="-71.7" a="100" />
	<c s_x="29.7" s_y="-72.5" f_x="22.6" f_y="-75.25" c_x="22.75" c_y="-72.05" a="100" />
	<c s_x="22.6" s_y="-75.25" f_x="30.55" f_y="-79.65" c_x="24.9" c_y="-78.45" a="100" />
	</l>
	<l id="F" w="47.7">
	<c s_x="38.1" s_y="-79.7" f_x="31.4" f_y="-68.85" c_x="34.15" c_y="-74.8" a="100" />
	<c s_x="31.4" s_y="-68.85" f_x="26.5" f_y="-49.95" c_x="26.95" c_y="-59.75" a="100" />
	<c s_x="26.5" s_y="-49.95" f_x="27.05" f_y="-66.3" c_x="26.95" c_y="-59.75" a="0" />
	<c s_x="27.05" s_y="-66.3" f_x="43.05" f_y="-67.05" c_x="32.7" c_y="-66.6" a="100" />
	<c s_x="43.05" s_y="-67.05" f_x="22.85" f_y="-64.55" c_x="32.7" c_y="-66.6" a="0" />
	<c s_x="22.85" s_y="-64.55" f_x="10.15" f_y="-59.75" c_x="18.25" c_y="-55.95" a="100" />
	<c s_x="10.15" s_y="-59.75" f_x="2.75" f_y="-70.8" c_x="4.25" c_y="-63.65" a="100" />
	<c s_x="2.75" s_y="-70.8" f_x="5.85" f_y="-84.8" c_x="1.55" c_y="-79.55" a="100" />
	<c s_x="5.85" s_y="-84.8" f_x="27.65" f_y="-85.75" c_x="11.75" c_y="-90.6" a="100" />
	<c s_x="27.65" s_y="-85.75" f_x="50" f_y="-79.9" c_x="43.85" c_y="-79.15" a="100" />
	<c s_x="50" s_y="-79.9" f_x="50.6" f_y="-86.65" c_x="56.1" c_y="-80.8" a="100" />
	</l>
	<l id="f" w="16.9">	
	<c s_x="29.7" s_y="-75.95" f_x="17.75" f_y="-73.7" c_x="26.1" c_y="-80.95" a="100" />
	<c s_x="17.75" s_y="-73.7" f_x="4.65" f_y="-54.05" c_x="11.45" c_y="-67.45" a="100" />
	<c s_x="4.65" s_y="-54.05" f_x="-12.05" f_y="-28.95" c_x="-1.75" c_y="-40.9" a="100" />
	<c s_x="-12.05" s_y="-28.95" f_x="-28.4" f_y="-21.15" c_x="-20.75" c_y="-18.7" a="100" />
	<c s_x="-28.4" s_y="-21.15" f_x="-29.6" f_y="-37.2" c_x="-38.7" c_y="-25.9" a="100" />
	<c s_x="-29.6" s_y="-37.2" f_x="-24.85" f_y="-40.1" c_x="-28.5" c_y="-38.75" a="100" />
	<c s_x="-24.85" s_y="-40.1" f_x="7.25" f_y="-64.9" c_x="-28.5" c_y="-38.75" a="0" />
	<c s_x="7.25" s_y="-64.9" f_x="20.75" f_y="-64.85" c_x="10.95" c_y="-64.75" a="100" />
	</l>
	<l id="G" w="47.0">	
	<c s_x="56" s_y="-79.65" f_x="33.55" f_y="-85.6" c_x="53.4" c_y="-91.6" a="100" />
	<c s_x="33.55" s_y="-85.6" f_x="7.9" f_y="-69.4" c_x="17.7" c_y="-80.55" a="100" />
	<c s_x="7.9" s_y="-69.4" f_x="4.7" f_y="-54.85" c_x="1.5" c_y="-60.8" a="100" />
	<c s_x="4.7" s_y="-54.85" f_x="23.05" f_y="-53.45" c_x="9.25" c_y="-48.8" a="100" />
	<c s_x="23.05" s_y="-53.45" f_x="46.55" f_y="-67" c_x="34.4" c_y="-58.15" a="100" />
	<c s_x="46.55" s_y="-67" f_x="50.3" f_y="-74.6" c_x="34.4" c_y="-58.15" a="0" />
	<c s_x="50.3" s_y="-74.6" f_x="46.55" f_y="-67" c_x="48.7" c_y="-71.05" a="100" />
	<c s_x="46.55" s_y="-67" f_x="39.85" f_y="-53.1" c_x="46.15" c_y="-66.05" a="100" />
	<c s_x="39.85" s_y="-53.1" f_x="29.15" f_y="-38.05" c_x="35.15" c_y="-44" a="100" />
	<c s_x="29.15" s_y="-38.05" f_x="15.15" f_y="-35.3" c_x="21.15" c_y="-32.3" a="100" />
	<c s_x="15.15" s_y="-35.3" f_x="16.5" f_y="-46.55" c_x="9.2" c_y="-40.5" a="100" />
	<c s_x="16.5" s_y="-46.55" f_x="35.1" f_y="-52.55" c_x="23.2" c_y="-50.75" a="100" />
	<c s_x="35.1" s_y="-52.55" f_x="41.05" f_y="-53.8" c_x="37.05" c_y="-52.85" a="100" />
	<c s_x="41.05" s_y="-53.8" f_x="42.35" f_y="-57.85" c_x="44.75" c_y="-54.95" a="100" />
	</l>
	<l id="g" w="40.6">	
	<c s_x="21.75" s_y="-63.45" f_x="8.8" f_y="-58.55" c_x="16" c_y="-63.8" a="100" />
	<c s_x="8.8" s_y="-58.55" f_x="2.75" f_y="-51.95" c_x="5.05" c_y="-55.85" a="100" />
	<c s_x="2.75" s_y="-51.95" f_x="4.7" f_y="-48.45" c_x="0.95" c_y="-47.85" a="100" />
	<c s_x="4.7" s_y="-48.45" f_x="20.75" f_y="-59.5" c_x="12.9" c_y="-52.6" a="100" />
	<c s_x="20.75" s_y="-59.5" f_x="21.7" f_y="-63.4" c_x="20.8" c_y="-60" a="0" />
	<c s_x="21.7" s_y="-63.45" f_x="16.8" f_y="-47.8" c_x="21" c_y="-58.8" a="100" />
	<c s_x="16.8" s_y="-47.8" f_x="11.15" f_y="-33.6" c_x="14.05" c_y="-39.8" a="100" />
	<c s_x="11.15" s_y="-33.6" f_x="3.1" f_y="-19" c_x="8.35" c_y="-26.95" a="100" />
	<c s_x="3.1" s_y="-19" f_x="-9.75" f_y="-6.35" c_x="-3.85" c_y="-9.40" a="100" />
	<c s_x="-9.75" s_y="-6.35" f_x="-33.9" f_y="-10.35" c_x="-22.9" c_y="0.5" a="100" />
	<c s_x="-33.9" s_y="-10.35" f_x="-34.3" f_y="-24.95" c_x="-40.45" c_y="-17.5" a="100" />
	<c s_x="-34.3" s_y="-24.95" f_x="-12.6" f_y="-38.75" c_x="-27.75" c_y="-32.95" a="100" />
	<c s_x="-12.6" s_y="-38.75" f_x="14.65" f_y="-47" c_x="-1.25" c_y="-43.7" a="100" />
	<c s_x="14.65" s_y="-47" f_x="36.35" f_y="-48.5" c_x="28.5" c_y="-49.8" a="100" />
	<c s_x="36.35" s_y="-48.5" f_x="35.25" f_y="-40.25" c_x="42.5" c_y="-46.75" a="100" />
	</l>
	<l id="H" w="58.8">	
	<c s_x="10.25" s_y="-70.8" f_x="32.2" f_y="-85.3" c_x="19" c_y="-82.25" a="100" />
	<c s_x="32.2" s_y="-85.3" f_x="42.55" f_y="-77" c_x="42.55" c_y="-86.95" a="100" />
	<c s_x="42.55" s_y="-77" f_x="21.5" f_y="-47.6" c_x="40.35" c_y="-63.65" a="100" />
	<c s_x="21.5" s_y="-47.6" f_x="7.45" f_y="-52.2" c_x="2" c_y="-34.3" a="100" />
	<c s_x="7.45" s_y="-52.2" f_x="67.5" f_y="-87.65" c_x="2" c_y="-34.3" a="0" />
	<c s_x="67.5" s_y="-87.65" f_x="49.45" f_y="-50.1" c_x="46.3" c_y="-60.95" a="100" />
	<c s_x="49.45" s_y="-50.1" f_x="32.8" f_y="-64.65" c_x="46.3" c_y="-60.95" a="0" />
	<c s_x="32.8" s_y="-64.65" f_x="56.1" f_y="-65.6" c_x="46.6" c_y="-65.2" a="100" />
	</l>
	<l id="h" w="30.3">
	<c s_x="17.85" s_y="-77.8" f_x="14.2" f_y="-71.9" c_x="6.3" c_y="-73.2" a="100" />
	<c s_x="14.2" s_y="-71.9" f_x="47.45" f_y="-77" c_x="30.6" c_y="-70.05" a="100" />
	<c s_x="47.45" s_y="-77" f_x="63.95" f_y="-101.5" c_x="77.25" c_y="-89.3" a="100" />
	<c s_x="63.95" s_y="-101.5" f_x="27.8" f_y="-89.25" c_x="48.7" c_y="-111.8" a="100" />
	<c s_x="27.8" s_y="-89.25" f_x="3.15" f_y="-50.25" c_x="15.15" c_y="-74.6" a="100" />
	<c s_x="3.15" s_y="-50.25" f_x="21.25" f_y="-64.15" c_x="16.05" c_y="-64.6" a="100" />
	<c s_x="21.25" s_y="-64.15" f_x="15" f_y="-52.25" c_x="24.5" c_y="-64.1" a="100" />
	<c s_x="15" s_y="-52.25" f_x="26.1" f_y="-54.55" c_x="10.6" c_y="-46.3" a="100" />
	</l>
	<l id="i" w="15.7">
	<c s_x="10.05" s_y="-66.1" f_x="17.35" f_y="-56.65" c_x="-4.85" c_y="-39.4" a="100" />
	<c s_x="17.35" s_y="-56.7" f_x="11.65" f_y="-70.4" c_x="13.9" c_y="-64.4" a="0" />
	<c s_x="11.65" s_y="-70.4" f_x="11.1" f_y="-68.35" c_x="9.25" c_y="-67.95" a="100" />
	<c s_x="11.1" s_y="-68.35" f_x="13.55" f_y="-70.35" c_x="12.2" c_y="-68.75" a="100" />
	<c s_x="13.55" s_y="-70.35" f_x="11.6" f_y="-70.35" c_x="14.75" c_y="-72.9" a="100" />
	</l>
	<l id="J" w="37.4">
	<c s_x="18.15" s_y="-59.15" f_x="22.9" f_y="-75.4" c_x="15.1" c_y="-66.2" a="100" />
	<c s_x="22.9" s_y="-75.4" f_x="45.5" f_y="-85.7" c_x="30.55" c_y="-84.3" a="100" />
	<c s_x="45.5" s_y="-85.7" f_x="30.1" f_y="-56.25" c_x="38.2" c_y="-71.45" a="100" />
	<c s_x="30.1" s_y="-56.25" f_x="12.05" f_y="-34.15" c_x="22.35" c_y="-41.7" a="100" />
	<c s_x="12.05" s_y="-34.15" f_x="-4.45" f_y="-30.05" c_x="-2.30" c_y="-25.7" a="100" />
	<c s_x="-4.45" s_y="-30.05" f_x="9.9" f_y="-49.2" c_x="-8.55" c_y="-36.4" a="100" />
	<c s_x="9.9" s_y="-49.2" f_x="34.3" f_y="-60" c_x="20.65" c_y="-56.5" a="100" />
	</l>
	<l id="j" w="15.7">	
	<c s_x="9.15" s_y="-62.75" f_x="-0.15" f_y="-36.4" c_x="4.05" c_y="-45.75" a="100" />
	<c s_x="-0.15" s_y="-36.4" f_x="-18.9" f_y="-8.90" c_x="-8.959" c_y="-17.05" a="100" />
	<c s_x="-18.9" s_y="-8.9" f_x="-45.45" f_y="-9" c_x="-34.05" c_y="1.4" a="100" />
	<c s_x="-45.45" s_y="-9" f_x="-41.8" f_y="-29.85" c_x="-56.9" c_y="-20.15" a="100" />
	<c s_x="-41.8" s_y="-29.85" f_x="-8.85" f_y="-44.15" c_x="-27.05" c_y="-39.55" a="100" />
	<c s_x="-8.85" s_y="-44.15" f_x="22.3" f_y="-48.4" c_x="7.2" c_y="-48.65" a="100" />
	<c s_x="22.3" s_y="-48.4" f_x="22.25" f_y="-40.55" c_x="28.8" c_y="-48" a="100" />
	<c s_x="22.25" s_y="-40.55" f_x="9.9" f_y="-69.55" c_x="28.8" c_y="-48" a="0" />
	<c s_x="9.9" s_y="-69.55" f_x="13" f_y="-70.5" c_x="11.75" c_y="-71.75" a="100" />
	<c s_x="13" s_y="-70.5" f_x="10.7" f_y="-67.3" c_x="13.2" c_y="-68.65" a="100" />
	<c s_x="10.7" s_y="-67.3" f_x="10.15" f_y="-69.85" c_x="8" c_y="-67.85" a="100" />
	</l>
	<l id="K" w="40.5">
	<c s_x="6.1" s_y="-66.7" f_x="9.7" f_y="-76.95" c_x="1" c_y="-68.85" a="100" />
	<c s_x="9.7" s_y="-76.95" f_x="26.9" f_y="-85.95" c_x="18.15" c_y="-85.1" a="100" />
	<c s_x="26.9" s_y="-85.95" f_x="29.35" f_y="-74.9" c_x="35.05" c_y="-86.25" a="100" />
	<c s_x="29.35" s_y="-74.9" f_x="14.75" f_y="-49.7" c_x="27.4" c_y="-71.4" a="100" />
	<c s_x="14.75" s_y="-49.7" f_x="55.65" f_y="-78.1" c_x="38.4" c_y="-77.4" a="100" />
	<c s_x="55.65" s_y="-78.1" f_x="25.8" f_y="-63" c_x="38.4" c_y="-77.4" a="0" />
	<c s_x="25.8" s_y="-63" f_x="53.95" f_y="-39.6" c_x="38.2" c_y="-24.5" a="100" />
	</l>
	<l id="k" w="31.7">
	<c s_x="17.15" s_y="-78.35" f_x="9.7" f_y="-73.8" c_x="11.35" c_y="-76.7" a="100" />
	<c s_x="9.7" s_y="-73.8" f_x="23.55" f_y="-71.3" c_x="8.1" c_y="-70.05" a="100" />
	<c s_x="23.55" s_y="-71.3" f_x="62.8" f_y="-83.9" c_x="41.85" c_y="-72.4" a="100" />
	<c s_x="62.8" s_y="-83.9" f_x="63.2" f_y="-102.35" c_x="72.7" c_y="-93.75" a="100" />
	<c s_x="63.2" s_y="-102.35" f_x="38.45" f_y="-100.65" c_x="51.65" c_y="-109.6" a="100" />
	<c s_x="38.45" s_y="-100.65" f_x="13.85" f_y="-72.6" c_x="23.95" c_y="-90.8" a="100" />
	<c s_x="13.85" s_y="-72.6" f_x="3" f_y="-50.8" c_x="6.85" c_y="-61.45" a="100" />
	<c s_x="3" s_y="-50.8" f_x="7.25" f_y="-60.95" c_x="6.25" c_y="-59.25" a="0" />
	<c s_x="7.25" s_y="-60.95" f_x="22.35" f_y="-68.6" c_x="17.45" c_y="-69.55" a="100" />
	<c s_x="22.35" s_y="-68.6" f_x="18.7" f_y="-63.6" c_x="26.4" c_y="-67.85" a="100" />
	<c s_x="18.7" s_y="-63.6" f_x="7.3" f_y="-60.95" c_x="11.45" c_y="-59.4" a="100" />
	<c s_x="7.3" s_y="-60.95" f_x="36.5" f_y="-44.6" c_x="29.65" c_y="-33.9" a="100" />
	</l>
	<l id="e" w="21.1">
	<c s_x="25.1" s_y="-65.1" f_x="6.55" f_y="-62.7" c_x="22.3" c_y="-61.65" a="100" />
	<c s_x="6.55" s_y="-62.7" f_x="18.4" f_y="-68.6" c_x="18.65" c_y="-63.85" a="100" />
	<c s_x="18.4" s_y="-68.6" f_x="11.9" f_y="-68.05" c_x="18.3" c_y="-73.35" a="100" />
	<c s_x="11.9" s_y="-68.05" f_x="3.65" f_y="-57.35" c_x="5.95" c_y="-63.65" a="100" />
	<c s_x="3.65" s_y="-57.35" f_x="5.6" f_y="-49.95" c_x="2.35" c_y="-51.4" a="100" />
	<c s_x="5.6" s_y="-49.95" f_x="14" f_y="-52.9" c_x="9.55" c_y="-49.45" a="100" />
	</l>
	

	<l id="l" w="21.4">
	<c s_x="7.15" s_y="-66" f_x="60" f_y="-88.3" c_x="44.6" c_y="-73.2" a="100" />
	<c s_x="60" s_y="-88.3" f_x="55.25" f_y="-106.9" c_x="67.7" c_y="-98.25" a="100" />
	<c s_x="55.25" s_y="-106.9" f_x="26.85" f_y="-99.9" c_x="43.15" c_y="-114.5" a="100" />
	<c s_x="26.85" s_y="-99.9" f_x="7.5" f_y="-68.25" c_x="14.25" c_y="-86.6" a="100" />
	<c s_x="7.5" s_y="-68.25" f_x="15.5" f_y="-55.3" c_x="-0.6" c_y="-43.9" a="100" />	
	</l>

	<l id="M" w="63.1">
	<c s_x="6.95" s_y="-67.2" f_x="10.55" f_y="-79.55" c_x="-1.65" c_y="-68.35" a="100" />
	<c s_x="10.55" s_y="-79.55" f_x="29.4" f_y="-87.55" c_x="24.05" c_y="-90.9" a="100" />
	<c s_x="29.4" s_y="-87.55" f_x="22.1" f_y="-63.05" c_x="33.8" c_y="-85.8" a="100" />
	<c s_x="22.1" s_y="-63.05" f_x="11.8" f_y="-50.15" c_x="13.4" c_y="-48.45" a="100" />
	<c s_x="11.8" s_y="-50.15" f_x="24.15" f_y="-68.85" c_x="8.9" c_y="-52.5" a="100" />
	<c s_x="24.15" s_y="-68.85" f_x="37.75" f_y="-73.4" c_x="40.25" c_y="-84.05" a="100" />
	<c s_x="37.75" s_y="-73.4" f_x="29.15" f_y="-52.3" c_x="34.7" c_y="-62.4" a="100" />
	<c s_x="29.15" s_y="-52.3" f_x="60.3" f_y="-81.05" c_x="54.5" c_y="-81.9" a="100" />
	<c s_x="60.3" s_y="-81.05" f_x="57" f_y="-66.35" c_x="66.55" c_y="-80.75" a="100" />
	<c s_x="57" s_y="-66.35" f_x="59.3" f_y="-51.75" c_x="39.95" c_y="-37.1" a="100" />
	</l>
	<l id="m" w="35.2">
	<c s_x="13.15" s_y="-64.35" f_x="3" f_y="-50.05" c_x="6.5" c_y="-57.6" a="100" />
	<c s_x="3" s_y="-50.05" f_x="19.05" f_y="-60.45" c_x="22.35" c_y="-69" a="100" />
	<c s_x="19.05" s_y="-60.45" f_x="14.15" f_y="-51.85" c_x="16.9" c_y="-55.25" a="100" />
	<c s_x="14.15" s_y="-51.85" f_x="29.15" f_y="-60.15" c_x="33.05" c_y="-69.4" a="100" />
	<c s_x="29.15" s_y="-60.15" f_x="21.05" f_y="-47.75" c_x="25.25" c_y="-52.25" a="100" />
	<c s_x="21.05" s_y="-47.75" f_x="38.45" f_y="-55.5" c_x="29" c_y="-52.7" a="100" />
	<c s_x="38.45" s_y="-55.5" f_x="56.8" f_y="-49.95" c_x="61.9" c_y="-60.9" a="100" />
	</l>
	<l id="N" w="49.6">
	<c s_x="8.75" s_y="-62.85" f_x="13.3" f_y="-78.4" c_x="-2.95" c_y="-64.25" a="100" />
	<c s_x="13.3" s_y="-78.4" f_x="33.45" f_y="-81.7" c_x="31.2" c_y="-91.3" a="100" />
	<c s_x="33.45" s_y="-81.7" f_x="18.85" f_y="-50.4" c_x="34.3" c_y="-74.65" a="100" />
	<c s_x="18.85" s_y="-50.4" f_x="43.35" f_y="-75.75" c_x="35.95" c_y="-71" a="100" />
	<c s_x="43.35" s_y="-75.75" f_x="47.75" f_y="-69.2" c_x="53.75" c_y="-81.3" a="100" />
	<c s_x="47.75" s_y="-69.2" f_x="31.8" f_y="-32.95" c_x="40.05" c_y="-55.9" a="100" />
	<c s_x="31.8" s_y="-32.95" f_x="39.75" f_y="-29.35" c_x="26.85" c_y="-17.55" a="100" />
	</l>
	<l id="n" w="25.1">
	<c s_x="11.9" s_y="-65.05" f_x="2.8" f_y="-51" c_x="6.9" c_y="-59.2" a="100" />
	<c s_x="2.8" s_y="-51" f_x="18.7" f_y="-60.9" c_x="24.8" c_y="-70.55" a="100" />
	<c s_x="18.7" s_y="-61" f_x="11.25" f_y="-41.5" c_x="9.2" c_y="-46.35" a="100" />
	<c s_x="11.25" s_y="-41.5" f_x="25.5" f_y="-44.4" c_x="15.05" c_y="-34.95" a="100" />
	<c s_x="25.5" s_y="-44.4" f_x="27.95" f_y="-51.8" c_x="33.6" c_y="-53" a="100" />
	</l>
	<l id="o" w="22.8">
	<c s_x="16.5" s_y="-64.4" f_x="4.4" f_y="-52.95" c_x="12.9" c_y="-68.65" a="100" />
	<c s_x="4.4" s_y="-52.95" f_x="10.3" f_y="-51" c_x="1.65" c_y="-46.5" a="100" />
	<c s_x="10.3" s_y="-51" f_x="19.8" f_y="-59.55" c_x="18.65" c_y="-55.85" a="100" />
	<c s_x="19.8" s_y="-59.55" f_x="8.3" f_y="-64.3" c_x="22.05" c_y="-67.2" a="100" />
	</l>
	<l id="P" w="42.6">
	<c s_x="32.85" s_y="-79.55" f_x="7.8" f_y="-50" c_x="17.9" c_y="-39.5" a="100" />
	<c s_x="7.8" s_y="-50" f_x="7.3" f_y="-75.35" c_x="7.55" c_y="-65.9" a="0" />
	<c s_x="7.3" s_y="-75.35" f_x="18.4" f_y="-92.2" c_x="-2" c_y="-93.65" a="100" />
	<c s_x="18.4" s_y="-92.2" f_x="44.55" f_y="-77.75" c_x="35.55" c_y="-89.4" a="100" />
	<c s_x="44.55" s_y="-77.75" f_x="46.75" f_y="-65.7" c_x="50" c_y="-69.65" a="100" />
	<c s_x="46.75" s_y="-65.7" f_x="28.35" f_y="-61.8" c_x="39.75" c_y="-58.4" a="100" />
	</l>
	<l id="&quot;" w="18.6">
	<c s_x="16.15" s_y="-78.55" f_x="17" f_y="-75.75" c_x="17.3" c_y="-78.75" a="100" />
	<c s_x="17" s_y="-75.75" f_x="12.25" f_y="-69.4" c_x="16.55" c_y="-72.65" a="100" />
	<c s_x="12.25" s_y="-69.4" f_x="15.55" f_y="-77.3" c_x="17.5" c_y="-74.15" a="100" />
	<c s_x="15.55" s_y="-77.3" f_x="16.2" f_y="-78.6" c_x="15.05" c_y="-78.3" a="100" />
	<c s_x="16.2" s_y="-78.6" f_x="21.05" f_y="-78.45" c_x="15.05" c_y="-78.3" a="0" />
	<c s_x="21.05" s_y="-78.45" f_x="21.9" f_y="-75.7" c_x="22.05" c_y="-78.95" a="100" />
	<c s_x="21.9" s_y="-75.7" f_x="17" f_y="-69.3" c_x="21.4" c_y="-72.6" a="100" />
	<c s_x="17" s_y="-69.3" f_x="20.4" f_y="-77.4" c_x="22.3" c_y="-73.7" a="100" />
	<c s_x="20.4" s_y="-77.4" f_x="21" f_y="-78.55" c_x="20" c_y="-78.3" a="100" />
	</l>
	<l id="'" w="15">
	<c s_x="16.15" s_y="-78.55" f_x="17" f_y="-75.75" c_x="17.3" c_y="-78.75" a="100" />
	<c s_x="17" s_y="-75.75" f_x="12.25" f_y="-69.4" c_x="16.55" c_y="-72.65" a="100" />
	<c s_x="12.25" s_y="-69.4" f_x="15.55" f_y="-77.3" c_x="17.5" c_y="-74.15" a="100" />
	<c s_x="15.55" s_y="-77.3" f_x="16.2" f_y="-78.6" c_x="15.05" c_y="-78.3" a="100" />
	</l>
	<l id="@" w="49.7">
	<c s_x="29.95" s_y="-63.75" f_x="22.45" f_y="-63.6" c_x="29.35" c_y="-70" a="100" />
	<c s_x="22.45" s_y="-63.6" f_x="15.45" f_y="-53.75" c_x="16.55" c_y="-58.45" a="100" />
	<c s_x="15.45" s_y="-53.75" f_x="19.35" f_y="-53.75" c_x="15" c_y="-50.3" a="100" />
	<c s_x="19.35" s_y="-53.75" f_x="33.95" f_y="-67.4" c_x="26.35" c_y="-60.25" a="100" />
	<c s_x="33.95" s_y="-67.4" f_x="23.85" f_y="-44.8" c_x="24.7" c_y="-54.55" a="100" />
	<c s_x="23.85" s_y="-44.8" f_x="33.55" f_y="-42.75" c_x="23.6" c_y="-38.65" a="100" />
	<c s_x="33.55" s_y="-42.75" f_x="45.5" f_y="-55.75" c_x="43.1" c_y="-48.6" a="100" />
	<c s_x="45.5" s_y="-55.75" f_x="41.85" f_y="-74.8" c_x="48.8" c_y="-67.05" a="100" />
	<c s_x="41.85" s_y="-74.8" f_x="22.2" f_y="-78.8" c_x="33.95" c_y="-82.4" a="100" />
	<c s_x="22.2" s_y="-78.8" f_x="8.1" f_y="-65.6" c_x="12.2" c_y="-74.85" a="100" />
	<c s_x="8.1" s_y="-65.6" f_x="7.1" f_y="-45.65" c_x="3.9" c_y="-55.6" a="100" />
	<c s_x="7.1" s_y="-45.65" f_x="19.95" f_y="-33.35" c_x="10.3" c_y="-36.6" a="100" />
	<c s_x="19.95" s_y="-33.35" f_x="45.4" f_y="-39" c_x="34.1" c_y="-29.75" a="100" />
	</l>
	<l id="]" w="27.9">
	<c s_x="7.4" s_y="-84.7" f_x="24.15" f_y="-84.6" c_x="18.4" c_y="-87.55" a="100" />
	<c s_x="24.3" s_y="-84.7" f_x="8.65" f_y="-47.8" c_x="26.05" c_y="-76.05" a="100" />
	<c s_x="8.65" s_y="-47.8" f_x="-2.65" f_y="-46.6" c_x="3.05" c_y="-45.4" a="100" />
	</l>
	<l id="[" w="30.5">
	<c s_x="29.85" s_y="-85.65" f_x="18.5" f_y="-83.95" c_x="22.8" c_y="-86.4" a="100" />
	<c s_x="18.5" s_y="-83.95" f_x="3" f_y="-47.3" c_x="1.6" c_y="-54.75" a="100" />
	<c s_x="3" s_y="-47.3" f_x="19.6" f_y="-47.3" c_x="5.7" c_y="-44.15" a="100" />	
	</l>
	<l id=";" w="15.5">
	<c s_x="12.25" s_y="-62.6" f_x="11.05" f_y="-61.7" c_x="11.55" c_y="-62.75" a="100" />
	<c s_x="11.05" s_y="-61.7" f_x="11.75" f_y="-58.65" c_x="10.7" c_y="-59" a="100" />
	<c s_x="11.75" s_y="-58.65" f_x="13.15" f_y="-60.75" c_x="13.1" c_y="-58.85" a="100" />
	<c s_x="13.15" s_y="-60.75" f_x="12.25" f_y="-62.55" c_x="13.1" c_y="-62.8" a="100" />
	<c s_x="12.25" s_y="-62.55" f_x="7.15" f_y="-53.05" c_x="9.35" c_y="-57.65" a="0" />
	<c s_x="7.15" s_y="-53.05" f_x="6.45" f_y="-51.75" c_x="6.15" c_y="-52.8" a="100" />
	<c s_x="6.45" s_y="-51.75" f_x="3.15" f_y="-43.8" c_x="8.4" c_y="-48.7" a="100" />
	<c s_x="3.15" s_y="-43.8" f_x="8" f_y="-50.15" c_x="7.8" c_y="-47.55" a="100" />
	<c s_x="8" s_y="-50.15" f_x="7.2" f_y="-53.05" c_x="8.2" c_y="-53.35" a="100" />
	</l>
	<l id=":" w="15.7">
	<c s_x="12.25" s_y="-62.65" f_x="11.2" f_y="-61.75" c_x="11.5" c_y="-62.4" a="100" />
	<c s_x="11.2" s_y="-61.75" f_x="11.85" f_y="-58.7" c_x="10.8" c_y="-59.15" a="100" />
	<c s_x="11.85" s_y="-58.7" f_x="13.3" f_y="-60.85" c_x="13.1" c_y="-58.9" a="100" />
	<c s_x="13.3" s_y="-60.85" f_x="12.25" f_y="-62.65" c_x="13.3" c_y="-62.95" a="100" />
	<c s_x="12.25" s_y="-62.65" f_x="6.95" f_y="-53.3" c_x="9.65" c_y="-58.25" a="0" />
	<c s_x="6.95" s_y="-53.3" f_x="5.75" f_y="-52.3" c_x="6.15" c_y="-53.3" a="100" />
	<c s_x="5.75" s_y="-52.3" f_x="6.45" f_y="-49.45" c_x="5.55" c_y="-49.7" a="100" />
	<c s_x="6.45" s_y="-49.45" f_x="7.8" f_y="-51.5" c_x="7.75" c_y="-49.65" a="100" />
	<c s_x="7.8" s_y="-51.5" f_x="6.95" f_y="-53.35" c_x="7.95" c_y="-53.5" a="100" />	
	</l>
	<l id=")" w="24.6">
	<c s_x="17.9" s_y="-78" f_x="19.85" f_y="-69.65" c_x="22.3" c_y="-81.05" a="100" />
	<c s_x="19.85" s_y="-69.65" f_x="-1.25" f_y="-44.9" c_x="15.6" c_y="-49.05" a="100" />
	</l>
	<l id="(" w="24.6">
	<c s_x="30.8" s_y="-78.85" f_x="10.65" f_y="-58.95" c_x="17.35" c_y="-76.85" a="100" />
	<c s_x="10.65" s_y="-58.95" f_x="11.45" f_y="-45.75" c_x="6.55000000000001" c_y="-42.5" a="100" />
	</l>
	<l id="+" w="25.1">
	<c s_x="19.7" s_y="-72.15" f_x="8.95" f_y="-55" c_x="16.05" c_y="-70.95" a="100" />
	<c s_x="8.95" s_y="-55" f_x="10.65" f_y="-54.05" c_x="7.8" c_y="-51.85" a="100" />
	<c s_x="10.65" s_y="-54.05" f_x="2.95" f_y="-63.75" c_x="7.5" c_y="-57.6" a="0" />
	<c s_x="2.95" s_y="-63.75" f_x="20.05" f_y="-62.75" c_x="3.6" c_y="-61.9" a="100" />
	<c s_x="20.05" s_y="-62.75" f_x="20" f_y="-65.15" c_x="23.8" c_y="-63.3" a="100" />
	</l>
	<l id="=" w="27.2">
	<c s_x="5.4" s_y="-63.75" f_x="23.4" f_y="-63.6" c_x="15.1" c_y="-63.6" a="100" />
	<c s_x="23.4" s_y="-63.6" f_x="3.25" f_y="-58.75" c_x="15.1" c_y="-63.6" a="0" />
	<c s_x="3.25" s_y="-58.75" f_x="21.8" f_y="-58.75" c_x="13.45" c_y="-58.55" a="100" />
	</l>
	<l id="!" w="15">
	<c s_x="19.15" s_y="-75.55" f_x="7.45" f_y="-56.55" c_x="20.15" c_y="-85.5" a="100" />
	<c s_x="7.45" s_y="-56.55" f_x="19.15" f_y="-75.55" c_x="17.95" c_y="-77.15" a="100" />
	<c s_x="19.15" s_y="-75.55" f_x="4.95" f_y="-53.4" c_x="12.75" c_y="-65.1" a="0" />
	<c s_x="4.95" s_y="-53.4" f_x="3.8" f_y="-52.25" c_x="3.95" c_y="-53.2" a="100" />
	<c s_x="3.8" s_y="-52.25" f_x="4.35" f_y="-49.45" c_x="3.5" c_y="-49.85" a="100" />
	<c s_x="4.35" s_y="-49.45" f_x="5.85" f_y="-51.5" c_x="5.7" c_y="-49.45" a="100" />
	<c s_x="5.85" s_y="-51.5" f_x="4.95" f_y="-53.3" c_x="5.85" c_y="-53.6" a="100" />
	</l>
	<l id="?" w="25.6">
	<c s_x="16.2" s_y="-79.65" f_x="28.55" f_y="-77.2" c_x="22.4" c_y="-85.9" a="100" />
	<c s_x="28.55" s_y="-77.2" f_x="24.65" f_y="-64.65" c_x="32.5" c_y="-70.2" a="100" />
	<c s_x="24.65" s_y="-64.65" f_x="9.8" f_y="-58.35" c_x="18.8" c_y="-60.85" a="100" />
	<c s_x="9.8" s_y="-58.35" f_x="12.5" f_y="-55.05" c_x="8.7" c_y="-58" a="100" />
	<c s_x="12.5" s_y="-55.05" f_x="10.35" f_y="-52.9" c_x="11.6" c_y="-54.35" a="0" />
	<c s_x="10.35" s_y="-52.9" f_x="9.15" f_y="-51.95" c_x="9.55" c_y="-52.9" a="100" />
	<c s_x="9.15" s_y="-51.95" f_x="9.8" f_y="-49" c_x="8.85" c_y="-49.3" a="100" />
	<c s_x="9.8" s_y="-49" f_x="11.15" f_y="-51.05" c_x="11.05" c_y="-49.2" a="100" />
	<c s_x="11.15" s_y="-51.05" f_x="10.25" f_y="-53" c_x="11.3" c_y="-53" a="100" />
	</l>
	<l id="," w="13.1">
	<c s_x="7.05" s_y="-53" f_x="6.5" f_y="-51.75" c_x="5.8" c_y="-52.6" a="100" />
	<c s_x="6.35" s_y="-51.75" f_x="2.95" f_y="-43.8" c_x="8.25" c_y="-48.45" a="100" />
	<c s_x="2.95" s_y="-43.8" f_x="7.8" f_y="-50.25" c_x="7.55" c_y="-47.25" a="100" />
	<c s_x="7.8" s_y="-50.25" f_x="7.05" f_y="-53" c_x="8.1" c_y="-53.05" a="100" />
	</l>
	<l id="." w="13.1">
	<c s_x="6.45" s_y="-53.2" f_x="5.35" f_y="-51.45" c_x="5.35" c_y="-52.8" a="100" />
	<c s_x="5.35" s_y="-51.45" f_x="6.1" f_y="-49.3" c_x="5.4" c_y="-49.25" a="100" />
	<c s_x="6.1" s_y="-49.3" f_x="7.45" f_y="-51.35" c_x="7.5" c_y="-49.45" a="100" />
	<c s_x="7.45" s_y="-51.35" f_x="6.15" f_y="-50.75" c_x="7.35" c_y="-53.8" a="100" />
	</l>
	<l id="0" w="31.2">
	<c s_x="23.3" s_y="-74.05" f_x="6.65" f_y="-61.05" c_x="12.65" c_y="-75" a="100" />
	<c s_x="6.65" s_y="-61.05" f_x="9.8" f_y="-49.55" c_x="3.5" c_y="-51.05" a="100" />
	<c s_x="9.8" s_y="-49.55" f_x="25.5" f_y="-61.9" c_x="18.8" c_y="-48.8" a="100" />
	<c s_x="25.5" s_y="-61.9" f_x="23.3" f_y="-74.15" c_x="30.4" c_y="-73.05" a="100" />	
	</l>
	<l id="9" w="32.3">
	<c s_x="23.45" s_y="-65" f_x="10.05" f_y="-67.4" c_x="9.75" c_y="-60.7" a="100" />
	<c s_x="10.05" s_y="-67.4" f_x="18.5" f_y="-78.7" c_x="10.75" c_y="-75.2" a="100" />
	<c s_x="18.5" s_y="-78.7" f_x="25.8" f_y="-73.6" c_x="26.5" c_y="-80.65" a="100" />
	<c s_x="25.8" s_y="-73.6" f_x="22.95" f_y="-64" c_x="25.45" c_y="-67.75" a="100" />
	<c s_x="22.95" s_y="-64" f_x="3.35" f_y="-49.4" c_x="14.75" c_y="-51.8" a="100" />
	</l>
	<l id="8" w="33.4">
	<c s_x="30.4" s_y="-76.35" f_x="20.55" f_y="-74.45" c_x="24" c_y="-80.65" a="100" />
	<c s_x="20.55" s_y="-74.45" f_x="25" f_y="-61.15" c_x="18.85" c_y="-70.8" a="100" />
	<c s_x="25" s_y="-61.15" f_x="21.75" f_y="-50.35" c_x="28.6" c_y="-55.35" a="100" />
	<c s_x="21.75" s_y="-50.35" f_x="6.75" f_y="-48.1" c_x="11.65" c_y="-43.9" a="100" />
	<c s_x="6.75" s_y="-48.1" f_x="10.2" f_y="-61.85" c_x="-0.05" c_y="-54.15" a="100" />
	<c s_x="10.2" s_y="-61.85" f_x="24.65" f_y="-70.05" c_x="18.9" c_y="-67.3" a="100" />
	<c s_x="24.65" s_y="-70.05" f_x="31.2" f_y="-75.65" c_x="31.55" c_y="-74.2" a="100" />	
	</l>
	<l id="7" w="29.4">
	<c s_x="9.3" s_y="-72.25" f_x="19.9" f_y="-73.6" c_x="12.5" c_y="-73.9" a="100" />
	<c s_x="19.9" s_y="-73.6" f_x="29.4" f_y="-74.95" c_x="28.55" c_y="-73.4" a="100" />
	<c s_x="29.45" s_y="-74.95" f_x="3.9" f_y="-44.05" c_x="2.05" c_y="-48" a="100" />	
	</l>
	<l id="6" w="27.9">
	<c s_x="29.7" s_y="-78.05" f_x="9.1" f_y="-60.7" c_x="18" c_y="-75.6" a="100" />
	<c s_x="9.1" s_y="-60.7" f_x="16.05" f_y="-49.45" c_x="2.4" c_y="-45.4" a="100" />
	<c s_x="16.05" s_y="-49.45" f_x="22.6" f_y="-57.45" c_x="22.05" c_y="-52.95" a="100" />
	<c s_x="22.6" s_y="-57.45" f_x="19.35" f_y="-63.3" c_x="23.2" c_y="-62.8" a="100" />
	<c s_x="19.35" s_y="-63.3" f_x="9.1" f_y="-60.8" c_x="14" c_y="-63.95" a="100" />
	</l>
	<l id="5" w="28.2">
	<c s_x="18.1" s_y="-74.9" f_x="10.3" f_y="-64.2" c_x="11.85" c_y="-68.6" a="100" />
	<c s_x="10.3" s_y="-64.2" f_x="22.3" f_y="-58" c_x="19.4" c_y="-62" a="100" />
	<c s_x="22.3" s_y="-58" f_x="14.95" f_y="-49.2" c_x="24.7" c_y="-52.45" a="100" />
	<c s_x="14.95" s_y="-49.2" f_x="4.2" f_y="-51.55" c_x="7.15" c_y="-47.5" a="100" />
	<c s_x="4.2" s_y="-51.55" f_x="18.1" f_y="-75" c_x="10.5" c_y="-62" a="0" />
	<c s_x="18.1" s_y="-75" f_x="32.3" f_y="-73.5" c_x="17.45" c_y="-73.2" a="100" />	
	</l>
	<l id="4" w="31.5">
	<c s_x="24.2" s_y="-71.9" f_x="3.55" f_y="-55.2" c_x="15.25" c_y="-66.35" a="100" />
	<c s_x="3.55" s_y="-55.2" f_x="25.5" f_y="-56.3" c_x="6.8" c_y="-58.4" a="100" />
	<c s_x="25.5" s_y="-56.3" f_x="33.8" f_y="-74.75" c_x="29.45" c_y="-65.7" a="0" />
	<c s_x="33.8" s_y="-74.75" f_x="13.8" f_y="-44.6" c_x="12.75" c_y="-48.55" a="100" />	
	</l>
	<l id="3" w="27.9">
	<c s_x="14.8" s_y="-72.45" f_x="24.5" f_y="-71.25" c_x="25.55" c_y="-76.5" a="100" />
	<c s_x="24.5" s_y="-71.25" f_x="11.85" f_y="-62.85" c_x="22.35" c_y="-64.55" a="100" />
	<c s_x="11.85" s_y="-62.85" f_x="20.05" f_y="-54.45" c_x="23.25" c_y="-62.4" a="100" />
	<c s_x="20.05" s_y="-54.45" f_x="6.85" f_y="-46" c_x="17.15" c_y="-48.2" a="100" />
	<c s_x="6.85" s_y="-46" f_x="0.45" f_y="-48.5" c_x="0.35" c_y="-44.7" a="100" />
	</l>
	<l id="2" w="29">
	<c s_x="11.85" s_y="-71.9" f_x="25.95" f_y="-69.05" c_x="22.95" c_y="-76.8" a="100" />
	<c s_x="25.95" s_y="-69.05" f_x="2.65" f_y="-50.15" c_x="28.25" c_y="-59.2" a="100" />
	<c s_x="2.65" s_y="-50.15" f_x="22.3" f_y="-50.15" c_x="12.55" c_y="-50.8" a="100" />
	</l>
	<l id="1" w="23.2">
	<c s_x="10.05" s_y="-68.3" f_x="26.2" f_y="-74.9" c_x="20.05" c_y="-71.4" a="100" />
	<c s_x="26.2" s_y="-74.9" f_x="8.4" f_y="-50.4" c_x="12.55" c_y="-61.35" a="100" />
	<c s_x="8.4" s_y="-50.4" f_x="0.2" f_y="-50" c_x="12.55" c_y="-61.35" a="0" />
	<c s_x="0.2" s_y="-50" f_x="17.85" f_y="-49.95" c_x="9.4" c_y="-50.8" a="100" />	
	</l>
	<l id="z" w="16.7">
	<c s_x="5.6" s_y="-61.85" f_x="12.3" f_y="-65.6" c_x="11.6" c_y="-70.35" a="100" />
	<c s_x="12.3" s_y="-65.6" f_x="6.15" f_y="-54.35" c_x="12.5" c_y="-61.65" a="100" />
	<c s_x="6.15" s_y="-54.35" f_x="7.85" f_y="-45.5" c_x="12.4" c_y="-55.65" a="100" />
	<c s_x="7.85" s_y="-45.5" f_x="-19.95" f_y="-9.6" c_x="-6.8" c_y="-13.4" a="100" />
	<c s_x="-19.95" s_y="-9.6" f_x="-43.55" f_y="-20.05" c_x="-37.45" c_y="-5.6" a="100" />
	<c s_x="-43.55" s_y="-20.05" f_x="-29.5" f_y="-38.95" c_x="-46.9" c_y="-28.95" a="100" />
	<c s_x="-29.5" s_y="-38.95" f_x="24.65" f_y="-53.6" c_x="-2.55" c_y="-52.5" a="100" />
	<c s_x="24.65" s_y="-53.6" f_x="28.05" f_y="-45.45" c_x="37.6" c_y="-53.95" a="100" />	
	</l>
	<l id="Z" w="51.9">
	<c s_x="20.85" s_y="-71.8" f_x="41.55" f_y="-84.15" c_x="10.9" c_y="-90.35" a="100" />
	<c s_x="41.55" s_y="-84.15" f_x="47.85" f_y="-84.2" c_x="50.6" c_y="-81.8" a="100" />
	<c s_x="47.85" s_y="-84.2" f_x="35.65" f_y="-69.3" c_x="46.5" c_y="-84.6" a="100" />
	<c s_x="35.65" s_y="-69.3" f_x="10" f_y="-49.5" c_x="19.8" c_y="-48.4" a="100" />
	<c s_x="10" s_y="-49.5" f_x="5.6" f_y="-59.65" c_x="1.25" c_y="-51.5" a="100" />
	<c s_x="5.6" s_y="-59.65" f_x="19.75" f_y="-55.7" c_x="7.8" c_y="-64.65" a="100" />
	<c s_x="19.75" s_y="-55.7" f_x="44.4" f_y="-41.5" c_x="31.9" c_y="-47.25" a="100" />
	<c s_x="44.4" s_y="-41.5" f_x="68.3" f_y="-47.6" c_x="70.4" c_y="-28.55" a="100" />
	<c s_x="68.3" s_y="-47.6" f_x="32.55" f_y="-69.2" c_x="48.35" c_y="-55.6" a="0" />
	<c s_x="32.55" s_y="-69.2" f_x="40.75" f_y="-69.25" c_x="36.4" c_y="-69.85" a="100" />	
	</l>
	<l id="p" w="25.0">	
	<c s_x="19.3" s_y="-75.45" f_x="2.4" f_y="-48.45" c_x="10.55" c_y="-64.45" a="100" />
	<c s_x="2.4" s_y="-48.45" f_x="-26.15" f_y="-3.95" c_x="-13.1" c_y="-10" a="100" />
	<c s_x="-26.15" s_y="-3.95" f_x="-43.55" f_y="-10.9" c_x="-38.55" c_y="0.9" a="100" />
	<c s_x="-43.55" s_y="-10.9" f_x="-39.2" f_y="-29.55" c_x="-47.2" c_y="-20.35" a="100" />
	<c s_x="-39.2" s_y="-29.55" f_x="-9.95" f_y="-44.2" c_x="-27.35" c_y="-41.2" a="100" />
	<c s_x="-9.95" s_y="-44.2" f_x="4.95" f_y="-45.05" c_x="-2.9" c_y="-45.75" a="100" />
	<c s_x="4.95" s_y="-45.05" f_x="7.85" f_y="-61.55" c_x="-2.9" c_y="-45.75" a="0" />
	<c s_x="7.85" s_y="-61.55" f_x="21.3" f_y="-63.15" c_x="20.5" c_y="-67.7" a="100" />
	<c s_x="21.3" s_y="-63.15" f_x="7.9" f_y="-50.7" c_x="21.5" c_y="-52.85" a="100" />
	<c s_x="7.9" s_y="-50.7" f_x="27.25" f_y="-57.95" c_x="3.1" c_y="-50.8" a="100" />
	</l>
	<l id="Q" w="57.5">
	<c s_x="33.25" s_y="-83.75" f_x="15.9" f_y="-53.3" c_x="10.25" c_y="-67.75" a="100" />
	<c s_x="15.9" s_y="-53.3" f_x="41.1" f_y="-52.35" c_x="21.5" c_y="-44.05" a="100" />
	<c s_x="41.1" s_y="-52.35" f_x="58.3" f_y="-73.6" c_x="57.5" c_y="-59.45" a="100" />
	<c s_x="58.3" s_y="-73.6" f_x="38.4" f_y="-88.25" c_x="56.45" c_y="-89.85" a="100" />
	<c s_x="38.4" s_y="-88.25" f_x="22.2" f_y="-77.55" c_x="25.45" c_y="-87.05" a="100" />
	<c s_x="22.2" s_y="-77.55" f_x="6.5" f_y="-47.55" c_x="21.3" c_y="-76.25" a="0" />
	<c s_x="6.5" s_y="-47.55" f_x="8.55" f_y="-54.75" c_x="1.1" c_y="-57.85" a="100" />
	<c s_x="8.55" s_y="-54.75" f_x="56.25" f_y="-37.8" c_x="46.8" c_y="-32.85" a="100" />
	<c s_x="56.25" s_y="-37.8" f_x="60" f_y="-49.05" c_x="63.2" c_y="-41.95" a="100" />
	</l>
	<l id="q" w="30.9">
	<c s_x="25.45" s_y="-67.95" f_x="10.1" f_y="-61.75" c_x="16.9" c_y="-68.75" a="100" />
	<c s_x="10.1" s_y="-61.75" f_x="4.55" f_y="-50.6" c_x="-0.6" c_y="-50.3" a="100" />
	<c s_x="4.55" s_y="-50.6" f_x="25.4" f_y="-67.75" c_x="15.65" c_y="-56.1" a="100" />
	<c s_x="25.4" s_y="-67.75" f_x="-0.55" f_y="-25.55" c_x="10.5" c_y="-47.95" a="100" />
	<c s_x="-0.55" s_y="-25.55" f_x="26.35" f_y="-12.95" c_x="-13.35" c_y="5.5" a="100" />
	</l>
	<l id="R" w="45.2">
	<c s_x="33.2" s_y="-78.2" f_x="17.05" f_y="-50.8" c_x="18" c_y="-57.3" a="100" />
	<c s_x="17.05" s_y="-50.8" f_x="5.3" f_y="-77.45" c_x="14.65" c_y="-56.85" a="0" />
	<c s_x="5.3" s_y="-77.45" f_x="26.1" f_y="-88.7" c_x="-1.45" c_y="-90.45" a="100" />
	<c s_x="26.1" s_y="-88.7" f_x="47.75" f_y="-70.25" c_x="52.45" c_y="-85.3" a="100" />
	<c s_x="47.75" s_y="-70.25" f_x="25.75" f_y="-60.4" c_x="42.05" c_y="-59.95" a="100" />
	<c s_x="25.75" s_y="-60.4" f_x="37.95" f_y="-45.35" c_x="31.3" c_y="-41.65" a="100" />
	</l>
	<l id="r" w="17.7">
	<c s_x="8.05" s_y="-62.85" f_x="11.05" f_y="-64.3" c_x="9.35" c_y="-63.5" a="100" />
	<c s_x="11.05" s_y="-64.3" f_x="1.5" f_y="-49.45" c_x="9.4" c_y="-61.9" a="100" />
	<c s_x="1.5" s_y="-49.45" f_x="20.35" f_y="-65.15" c_x="15.8" c_y="-66.45" a="100" />
	</l>
	<l id="S" w="35.6">
	<c s_x="45.55" s_y="-81.55" f_x="27.75" f_y="-90.85" c_x="48" c_y="-94.65" a="100" />
	<c s_x="27.75" s_y="-90.85" f_x="17.3" f_y="-75.65" c_x="10" c_y="-86.2" a="100" />
	<c s_x="17.3" s_y="-75.65" f_x="28.1" f_y="-60.85" c_x="21.05" c_y="-70.45" a="100" />
	<c s_x="27.9" s_y="-60.8" f_x="15.15" f_y="-50" c_x="32.4" c_y="-51.6" a="100" />
	<c s_x="15.15" s_y="-50" f_x="5.5" f_y="-55.6" c_x="2.4" c_y="-50" a="100" />
	<c s_x="5.55" s_y="-55.5" f_x="32.85" f_y="-63.45" c_x="8.45" c_y="-61.15" a="100" />
	</l>
	<l id="s" w="22.9">
	<c s_x="23.75" s_y="-67.7" f_x="11.75" f_y="-63.9" c_x="17.1" c_y="-68.25" a="100" />
	<c s_x="11.75" s_y="-63.9" f_x="11.4" f_y="-54.4" c_x="6.35" c_y="-59.45" a="100" />
	<c s_x="11.4" s_y="-54.4" f_x="11.2" f_y="-49.35" c_x="14.6" c_y="-51.25" a="100" />
	<c s_x="11.2" s_y="-49.35" f_x="2.9" f_y="-47.95" c_x="7.2" c_y="-46.9" a="100" />
	<c s_x="2.9" s_y="-47.95" f_x="26.95" f_y="-59.95" c_x="11.7" c_y="-57.4" a="100" />
	</l>
	<l id="T" w="39.9">
	<c s_x="44.4" s_y="-90.9" f_x="23.75" f_y="-45.7" c_x="18.9" c_y="-46.3" a="100" />
	<c s_x="23.75" s_y="-45.7" f_x="10.15" f_y="-73.45" c_x="20.6" c_y="-49" a="0" />
	<c s_x="10.15" s_y="-73.45" f_x="12.75" f_y="-88.1" c_x="-2.23" c_y="-86.55" a="100" />
	<c s_x="12.75" s_y="-88.1" f_x="38.05" f_y="-86" c_x="24.45" c_y="-88.85" a="100" />
	<c s_x="38.05" s_y="-86" f_x="55.65" f_y="-84.9" c_x="51.55" c_y="-82.5" a="100" />
	<c s_x="55.65" s_y="-84.9" f_x="54.1" f_y="-90.45" c_x="58.2" c_y="-87.55" a="100" />
	</l>
	<l id="t" w="35.0">
	<c s_x="39" s_y="-93.35" f_x="7.1" f_y="-46.8" c_x="27.4" c_y="-91.15" a="100" />
	<c s_x="7.1" s_y="-46.8" f_x="15.15" f_y="-23.2" c_x="-3.5" c_y="-17.65" a="100" />
	<c s_x="15.15" s_y="-23.2" f_x="34" f_y="-43.55" c_x="28.95" c_y="-29.8" a="100" />
	<c s_x="34" s_y="-43.55" f_x="28.5" f_y="-47.65" c_x="35.45" c_y="-50.3" a="100" />
	<c s_x="28.5" s_y="-47.65" f_x="17.05" f_y="-74.7" c_x="23.95" c_y="-62" a="0" />
	<c s_x="17.05" s_y="-74.7" f_x="37.65" f_y="-74.75" c_x="26.25" c_y="-76" a="100" />
	</l>
	<l id="u" w="27.7">
	<c s_x="12.9" s_y="-68.45" f_x="4.1" f_y="-53.15" c_x="6.5" c_y="-61.2" a="100" />
	<c s_x="3.85" s_y="-53.15" f_x="9.9" f_y="-53.25" c_x="2.65" c_y="-48.1" a="100" />
	<c s_x="9.85" s_y="-53.2" f_x="22.85" f_y="-65" c_x="15.4" c_y="-58.2" a="100" />
	<c s_x="22.85" s_y="-65" f_x="18.3" f_y="-52.7" c_x="19.05" c_y="-58.25" a="100" />
	<c s_x="18.3" s_y="-52.7" f_x="23" f_y="-51.85" c_x="18.25" c_y="-49" a="100" />
	</l>
	<l id="v" w="20.2">
	<c s_x="11.05" s_y="-64.95" f_x="4.75" f_y="-53.5" c_x="5.65000000000001" c_y="-57.5" a="100" />
	<c s_x="4.75" s_y="-53.5" f_x="11.35" f_y="-54.75" c_x="3.5" c_y="-48" a="100" />
	<c s_x="11.15" s_y="-54.75" f_x="21.55" f_y="-68.45" c_x="15.65" c_y="-58.75" a="100" />
	<c s_x="21.55" s_y="-68.45" f_x="21.45" f_y="-64.05" c_x="19.95" c_y="-66.2" a="100" />
	</l>
	<l id="W" w="58.9">
	<c s_x="7.35" s_y="-67.4" f_x="15.05" f_y="-82.9" c_x="-3.65" c_y="-69.05" a="100" />
	<c s_x="15.05" s_y="-82.9" f_x="27.3" f_y="-88.2" c_x="19.75" c_y="-86.8" a="100" />
	<c s_x="27.3" s_y="-88.35" f_x="34.3" f_y="-79.3" c_x="37.65" c_y="-90.35" a="100" />
	<c s_x="34.3" s_y="-79.3" f_x="20.15" f_y="-50.2" c_x="29.9" c_y="-66.55" a="100" />
	<c s_x="20.15" s_y="-50.2" f_x="43.75" f_y="-75.25" c_x="32.8" c_y="-62.4" a="100" />
	<c s_x="43.75" s_y="-75.25" f_x="37.8" f_y="-56.2" c_x="38.35" c_y="-64.9" a="100" />
	<c s_x="37.8" s_y="-56.2" f_x="50.2" f_y="-53.9" c_x="37.45" c_y="-43.85" a="100" />
	<c s_x="50.2" s_y="-53.9" f_x="64" f_y="-84.45" c_x="70.35" c_y="-73.35" a="100" />
	</l>
	<l id="w" w="30.5">
	<c s_x="11.45" s_y="-64.4" f_x="4.9" f_y="-53.5" c_x="8.6" c_y="-60" a="100" />
	<c s_x="4.9" s_y="-53.4" f_x="9.4" f_y="-53.7" c_x="1.75" c_y="-47.35" a="100" />
	<c s_x="9.25" s_y="-53.65" f_x="19.25" f_y="-65.65" c_x="14" c_y="-58.2" a="100" />
	<c s_x="19.25" s_y="-65.65" f_x="16" f_y="-50.3" c_x="15.05" c_y="-53.55" a="100" />
	<c s_x="16" s_y="-50.3" f_x="24.45" f_y="-54.95" c_x="16.75" c_y="-46.3" a="100" />
	<c s_x="24.45" s_y="-54.95" f_x="28.35" f_y="-62.5" c_x="27.35" c_y="-58.35" a="100" />
	<c s_x="28.35" s_y="-62.5" f_x="31.05" f_y="-62.5" c_x="29.5" c_y="-61.4" a="100" />
	</l>
	<l id="X" w="42.7">	
	<c s_x="49.15" s_y="-84.85" f_x="37.7" f_y="-74.85" c_x="50.15" c_y="-82.4" a="100" />
	<c s_x="37.7" s_y="-74.85" f_x="15.2" f_y="-60.55" c_x="29.35" c_y="-70.5" a="100" />
	<c s_x="15.2" s_y="-60.55" f_x="1.7" f_y="-43.1" c_x="3.15" c_y="-52.05" a="100" />
	<c s_x="1.7" s_y="-43.1" f_x="14.7" f_y="-76.15" c_x="3.15" c_y="-52.05" a="0" />
	<c s_x="14.75" s_y="-76.2" f_x="27.65" f_y="-78.5" c_x="29.05" c_y="-91.05" a="100" />
	<c s_x="27.65" s_y="-78.5" f_x="33.85" f_y="-49.45" c_x="24.15" c_y="-47.65" a="100" />
	<c s_x="33.85" s_y="-49.45" f_x="42.3" f_y="-53.1" c_x="39.45" c_y="-50.6" a="100" />
	</l>
	<l id="x" w="17.9">
	<c s_x="21.8" s_y="-65.6" f_x="-3.35" f_y="-32.25" c_x="-18.3" c_y="-38.1" a="100" />
	<c s_x="-3.35" s_y="-32.25" f_x="6.65" f_y="-65.15" c_x="-0.9" c_y="-40.6" a="0" />
	<c s_x="6.65" s_y="-65.15" f_x="12.85" f_y="-46" c_x="7.65" c_y="-54.15" a="100" />
	</l>
	<l id="y" w="24.0">
	<c s_x="12.3" s_y="-64" f_x="4.45" f_y="-52.5" c_x="6.4" c_y="-59.5" a="100" />
	<c s_x="4.45" s_y="-52.5" f_x="20.4" f_y="-61.75" c_x="5.05" c_y="-48.75" a="100" />
	<c s_x="20.4" s_y="-61.75" f_x="9.35" f_y="-32.4" c_x="16.5" c_y="-45.2" a="100" />
	<c s_x="9.35" s_y="-32.4" f_x="-9.35" f_y="-8.8" c_x="1.45" c_y="-15.7" a="100" />
	<c s_x="-9.35" s_y="-8.8" f_x="-35.25" f_y="-13.65" c_x="-24.35" c_y="-1.1" a="100" />
	<c s_x="-35" s_y="-13.7" f_x="-19.3" f_y="-37.6" c_x="-42.95" c_y="-25.6" a="100" />
	<c s_x="-19.3" s_y="-37.6" f_x="31.9" f_y="-50.35" c_x="7.35" c_y="-49.95" a="100" />
	<c s_x="31.9" s_y="-50.35" f_x="35.05" f_y="-42.5" c_x="43.2" c_y="-50.2" a="100" />
	</l>
	<l id="-" w="15.6">
	<c s_x="3.4" s_y="-58.9" f_x="12.3" f_y="-58.9" c_x="7.25" c_y="-58.85" a="100" />
	</l>
	<l id="*" w="22.3">
	<c s_x="14.25" s_y="-78.6" f_x="8.4" f_y="-63.9" c_x="10.75" c_y="-73" a="100" />
	<c s_x="8.4" s_y="-63.9" f_x="6.1" f_y="-74.6" c_x="10.75" c_y="-73" a="0" />
	<c s_x="6.1" s_y="-74.6" f_x="15.7" f_y="-67.9" c_x="9.75" c_y="-73.75" a="100" />
	<c s_x="15.7" s_y="-67.9" f_x="3.7" f_y="-69" c_x="9.75" c_y="-73.75" a="0" />
	<c s_x="3.7" s_y="-69" f_x="19.2" f_y="-75.2" c_x="9.9" c_y="-71.45" a="100" />	
	</l>
	<l id="/" w="24.6">
	<c s_x="32.85" s_y="-78.8" f_x="-0.55" f_y="-45.15" c_x="11.1" c_y="-63.45" a="100" />
	</l>
	<l id="&amp;" w="36.5">
	<c s_x="28.3" s_y="-82.9" f_x="19.75" f_y="-85.4" c_x="26.45" c_y="-89.45" a="100" />
	<c s_x="19.75" s_y="-85.4" f_x="23.05" f_y="-72.6" c_x="12.75" c_y="-79.65" a="100" />
	<c s_x="23.05" s_y="-72.6" f_x="3.35" f_y="-57.2" c_x="3.9" c_y="-72.5" a="100" />
	<c s_x="3.35" s_y="-57.2" f_x="18.3" f_y="-52.7" c_x="4" c_y="-44.8" a="100" />
	<c s_x="18.3" s_y="-52.7" f_x="28.8" f_y="-64.3" c_x="24.8" c_y="-57.05" a="100" />
	<c s_x="28.8" s_y="-64.3" f_x="19.3" f_y="-46.15" c_x="23.1" c_y="-50" a="100" />
	<c s_x="19.3" s_y="-46.15" f_x="11.15" f_y="-59" c_x="7.8" c_y="-36.15" a="100" />
	<c s_x="11.15" s_y="-59" f_x="-0.7" f_y="-64.45" c_x="6.95" c_y="-54.45" a="0" />
	<c s_x="-0.7" s_y="-64.45" f_x="29.15" f_y="-65.15" c_x="12.8" c_y="-65.55" a="100" />
	<c s_x="29.15" s_y="-65.15" f_x="33.7" f_y="-56.4" c_x="41.45" c_y="-64.85" a="100" />
	</l>
	<l id="$" w="27.4">
	<c s_x="28.7" s_y="-72.45" f_x="17.85" f_y="-72.1" c_x="28.15" c_y="-76" a="100" />
	<c s_x="17.85" s_y="-72.1" f_x="16.85" f_y="-61.3" c_x="9.25" c_y="-67.55" a="100" />
	<c s_x="16.85" s_y="-61.3" f_x="16" f_y="-51.5" c_x="25.25" c_y="-55.4" a="100" />
	<c s_x="16" s_y="-51.5" f_x="3.5" f_y="-52.25" c_x="8.8" c_y="-49.55" a="100" />
	<c s_x="3.5" s_y="-52.25" f_x="26.4" f_y="-77.2" c_x="13.75" c_y="-60.45" a="0" />
	<c s_x="26.4" s_y="-77.2" f_x="6.85" f_y="-46.65" c_x="16.15" c_y="-61.3" a="100" />	
	</l>
	<l id="&gt;" w="35.9">
	<c s_x="6.75" s_y="-75" f_x="30.35" f_y="-61" c_x="21.8" c_y="-69.85" a="100" />
	<c s_x="30.35" s_y="-61" f_x="3.7" f_y="-50.05" c_x="16.75" c_y="-57.5" a="100" />
	</l>
	<l id="&lt;" w="35.9">
	<c s_x="31.55" s_y="-75.5" f_x="4.1" f_y="-64.2" c_x="20" c_y="-69.25" a="100" />
	<c s_x="4.1" s_y="-64.2" f_x="28.95" f_y="-50.65" c_x="13.35" c_y="-56.45" a="100" />	
	</l>
</ls>